,CPI_MoM,CPI_YoY,CPI_Level_Best_Lag,Best_Lag_Months
gas_prices_trend,0.5743854462196604,0.6105455780393559,-0.18137672957328255,0.0
rent_trend,0.5091056405757267,0.4528443419293832,-0.7319544960144996,3.0
food_index_trend,-0.2648064166506409,-0.2959513717615189,0.8333235548313187,3.0
