,CPI_MoM,CPI_YoY,CPI_Level_Best_Lag,Best_Lag_Months
gas_prices_trend,0.3937559744937468,0.5610826905949798,0.2216117456630305,3.0
food_index_trend,0.13794820377071082,0.3055850342482155,0.8655600450615992,0.0
rent_trend,0.24586231266632866,0.17781380730497343,0.1949462272492517,3.0
