,CPI_MoM,CPI_YoY,CPI_Level_Best_Lag,Best_Lag_Months
gas_prices_trend,0.3881915456029616,0.5604324904273768,0.21200339658538003,3.0
food_index_trend,0.12607413953771185,0.2668775524639974,0.8596486594876533,2.0
rent_trend,0.27216919717447835,0.20530200284309374,0.18387085663737973,3.0
