,CPI_MoM,CPI_YoY,CPI_Level_Best_Lag,Best_Lag_Months
gas_prices_trend,0.5743854462196604,0.6105455780393559,-0.18137672957328255,0.0
rent_trend,0.5091056405757267,0.4528443419293832,-0.7319544960144996,3.0
food_prices_trend,-0.10420619421530576,0.04239130249756008,0.741865658624737,3.0
